speaker,category,audio_path,transcript
solo_speaker_speaker1,solo_speaker,/Users/seouldorito/Desktop/Project /Project-IC-Internship/QuickVoice/inter_app/python-server/asr/training/data/khmer_accent_train/solo_speaker/Speaker1.WAV,girl you already so good at speaking English thanks you you are so sweet I'm still learning but I'm trying my best thanks you for your support me
solo_speaker_speaker10,solo_speaker,/Users/seouldorito/Desktop/Project /Project-IC-Internship/QuickVoice/inter_app/python-server/asr/training/data/khmer_accent_train/solo_speaker/Speaker10.WAV,hello everyone my name is manida I'm 9 years old I'm a student in Grade 3 I'm from Cambodia I study English at Bright LIfe nternational School BIS I study English because it is very important for my job so in the future I want to become a doctor
solo_speaker_speaker11,solo_speaker,/Users/seouldorito/Desktop/Project /Project-IC-Internship/QuickVoice/inter_app/python-server/asr/training/data/khmer_accent_train/solo_speaker/Speaker11.WAV,thank you for listening hello everyone my name is Vireak I study in grade 4 i'm from Cambodia I study English at Bright Life Internet School BIS study English Because it's very important for my job in the future I want to become a pilot thank you
solo_speaker_speaker12,solo_speaker,/Users/seouldorito/Desktop/Project /Project-IC-Internship/QuickVoice/inter_app/python-server/asr/training/data/khmer_accent_train/solo_speaker/Speaker12.WAV,I am 11 years old I am a student in grade 5 and I am from Cambodia I study English and Bright Life international School I study English because it is very important for my job in the future I want to become a teacher so I can help people
solo_speaker_speaker2,solo_speaker,/Users/seouldorito/Desktop/Project /Project-IC-Internship/QuickVoice/inter_app/python-server/asr/training/data/khmer_accent_train/solo_speaker/Speaker2.WAV,"they want uh give me a hard time to think about it just study what I love first of all my name is Liya reaksa I'm in grade 12C from uh Vichea lay Hun San bunrany phsar derm tkov and uh today the exam is really tough and for math I couldn't make it but for the morality and the karma I can do it all a lot for the first day I think it's easy because I the lesson I review it like uh three months uh left and for the today I think it's hard especially math but for uh moral I can manage it this morning I wake up at 4:00am just to review moral and the question is exactly what I review it I'm not I'm not prepared uh since the beginning year I just prepare just like for uh 3 month uh before the matric exam and it was hard but I I think the grade that I want is probably d or C or E as well I think I will get a d because I cannot do math uh for the future I wanna be a designer and uh for the university uh the next major that I wanna do is communication in uh international communication and my parent told me that I I I choose myself what major that I like don't worry about anything that they choose they won't uh give me a hard time to think about it just study what I love because I interested and I think I can uh have a good communication with people around me especially international people beside international communication I have a designer I wanna be a designer I wanna design clothes uh I'm planning to uh get a scholarship from which university I don't know too but right now I want to rest after the exam after the exam I'm planning to going to Cambodia with my family and friends and for to all the backdrops next year 2,027 and all the uh all the juniors uh that will take an exam I hope you prepare since the beginning of the year because I think I regret it because I just start to study since June and right now it's so hard for me especially math you should uh try to do a lot of exercise of math"
solo_speaker_speaker3,solo_speaker,/Users/seouldorito/Desktop/Project /Project-IC-Internship/QuickVoice/inter_app/python-server/asr/training/data/khmer_accent_train/solo_speaker/Speaker3.WAV,do you live dear in Cambodia yes of course I live here in Cambodia because my hometown Cambodia I speak Khmer but I learning English also I hope one day is my English is better my dream speak English well so uh you can collect my English in common hmm sometimes I'm sad but I try to learn English by myself from YouTube TikTok on social media hmm okay bye
solo_speaker_speaker4,solo_speaker,/Users/seouldorito/Desktop/Project /Project-IC-Internship/QuickVoice/inter_app/python-server/asr/training/data/khmer_accent_train/solo_speaker/Speaker4.WAV,keep trying Bong you can do it now we are so proud of you thanks you for you are believing in me I'm not perfect but I won't give up your support make me so happy thank you so much
solo_speaker_speaker5,solo_speaker,/Users/seouldorito/Desktop/Project /Project-IC-Internship/QuickVoice/inter_app/python-server/asr/training/data/khmer_accent_train/solo_speaker/Speaker5.WAV,least proud least brown least proud least brown not perfect yet but at least you are trying I'm proud of you thanks you so much for your comment I'm not yet perfect but I will keep trying and improving everyday your support really mean a lot to me thanks you bye
solo_speaker_speaker6,solo_speaker,/Users/seouldorito/Desktop/Project /Project-IC-Internship/QuickVoice/inter_app/python-server/asr/training/data/khmer_accent_train/solo_speaker/Speaker6.WAV,hello teacher and hi my friend my name is savady am 9 years old I live in kandoul chrum village I study English and writing in Bright Life Internation School Today I am going to talk about my hero my hero is my father my father is my hero because he can do everything for me every time I need help my father always come my father is the best for me thank you very much for listening bye
solo_speaker_speaker7,solo_speaker,/Users/seouldorito/Desktop/Project /Project-IC-Internship/QuickVoice/inter_app/python-server/asr/training/data/khmer_accent_train/solo_speaker/Speaker7.WAV,good morning teacher and classmate my name is watoy Today I'm so excited and today I'm going to be talking about the important of education but before I begin I want to ask you one question do you want to have a good job and good money or not if yes now listen so first education bring your knowledge knowledge is the key to success in life when we have a good knowledge we know what is bad or good to do we will never do what is bad for the society second no like bring you good job when we apply for job we are always ask for our degrees when we have a good degrees like Bachelor Master or doctor we will be firstly selected last education is a key for a country development if our country has a lot of educated people it will be more developed for example America is a developed country because America is the best place for education and has a lot of educated people in short education has three big benefit for people like for no like for job and for country development that's all for today thank you very much for listening goodbye
solo_speaker_speaker8,solo_speaker,/Users/seouldorito/Desktop/Project /Project-IC-Internship/QuickVoice/inter_app/python-server/asr/training/data/khmer_accent_train/solo_speaker/Speaker8.WAV,hello everyone my name is Je in I am 8 years old I am a student in grade 3 I am from Cambodia I study English at Bright Life International School via I study English because it is very important for my job in the future I want to become a teacher thank you for listening bye bye
solo_speaker_speaker9,solo_speaker,/Users/seouldorito/Desktop/Project /Project-IC-Internship/QuickVoice/inter_app/python-server/asr/training/data/khmer_accent_train/solo_speaker/Speaker9.WAV,hello everyone my name is Tina I am 13 years old I am a student in Grade 6 I'm from Cambodia I study English at Bright Life International School because it is very important for my job in the future I want to become a streamer thank you
interview_speaker1,interview,/Users/seouldorito/Desktop/Project /Project-IC-Internship/QuickVoice/inter_app/python-server/asr/training/data/khmer_accent_train/interview/Speaker1.WAV,okay good morning everyone watching so my name is Isaiah and I'm a teacher of English at Bright Light International School today I'm going to ask uh one of my student about her English to improve her English speaking ability so now let's start good morning good morning TikTok okay what's your name my name is Manida Manida how old are you manida I'm 12 years old good job 12 years old and are you a student yes I am good and what grade are you in manida I'm in grade 6 in grade six where are you from I'm from psa kondol chrum village okay good job Monida do you study English everyday yes I do okay and where do you study English I study English at Bright Life International School BA mm hmm good job and who is your English teacher my English teacher is Miss Sopheak Miss Sopheak and do you like her yes I like her because she is kind and helpful she motivate me a lot to learn English yes she motivate you a lot to learn English Monida now let's talk about breakfast do you usually eat breakfast every day yes I do I never miss it teacher okay you never miss your breakfast very good and what do you usually eat for breakfast I usually uh eat breakfast chicken rice chicken rice okay in the morning okay what time do you usually eat breakfast I eat breakfast at 8:3 in the morning good job and how about coffee do you drink coffee I don't know no yes why I think coffee is not a good for me uh I'm too young to drink coffee okay because coffee is not good for children right you are too young to drink coffee and now that is time for our discussion today uh thank you very much for joining me to see you for the next topic Monida say goodbye yes thank you teacher goodbye goodbye okay
interview_speaker2,interview,/Users/seouldorito/Desktop/Project /Project-IC-Internship/QuickVoice/inter_app/python-server/asr/training/data/khmer_accent_train/interview/Speaker2.WAV,okay good morning and welcome back to our Monday speaking program my name is pisay and today I'm going to be asking one of my student about some general English and one specific topic to improve our speaking ability so now let's begin hello good morning good morning teacher OK what's your name my name is Darina Darina how old are you I'm 16 years old 16 years old are you a student yes I am OK what grade are you in Darina I'm in grade 11 11 next year yes OK good so um and do you study English everyday yes I do where do you learn English I learn English at by Life International School emm hmm who is your English teacher my English teacher is Miss Kunthea mm hmm and do you like her I like her very much because she's kind and helpful and she motivate me a lot to learn English okay good and where are you from I mean where do you live I live in Kamdoul Chrum village okay how many brother and sister do you have I have one brother one brother you are the younger yes okay today I'm going to talk about transportation okay can you drive Nana no I can't uh huh but I'm going to learn next year okay you going to learn to drive next year and how about motorbike can you drive a motorbike yes I can hmm and I drive motorbike most of the time during my day okay and how do you go to school everyday I go to school by motorbike okay have you ever taken any public transportation like bus or train before no I haven't uh but if I had time I would choose train I think it is my new experience okay very good and do you like to travel by bus yes okay between bus and train which one do you like the most I like trend the most oh you like trend the most okay that's very good idea thank you very much for joining today now that's time for us thank you very much for joining goodbye Lana see you next time right bye bye
interview_speaker3,interview,/Users/seouldorito/Desktop/Project /Project-IC-Internship/QuickVoice/inter_app/python-server/asr/training/data/khmer_accent_train/interview/Speaker3.WAV,"good morning good morning teacher how are you today I'm fine thank you I'm fine thank you what is your name my name is Yusin Yusin how old are you I am 11 years old, 11 years old. are you a student yes I am yes I am what grade are you in I am in grade 6 in grade 6 where are you from I am from Phsar Kandoal Chrum Village do you study English yes I do yes I do where do you study English every days I study English at Bright Life International School BIS who is your English teachers my English teacher is Miss Sopheak uh do you like hers yes I do and why do you like hers I like her very much because she is kind and helpful she motivate me a lot a lot to learn English yes uh okay Yushin let's talk about pet do you have any pet at your home yes I do I have some pet like chicken and dog hmm what is your uh favourite pet all pet are good for me but I like dog the most why do you like dog the most dog are are honest and helpful for people I like my dog Kiki very much because he play with me and he always welcome me whenever I arrive home okay now that's time for today Mister Yusin thanks you very much see you later goodbyes thank thank you teacher Ma goodbye"
conversation_speaker1,conversation,/Users/seouldorito/Desktop/Project /Project-IC-Internship/QuickVoice/inter_app/python-server/asr/training/data/khmer_accent_train/conversation/Speaker1.WAV,excuse me can you help me sure what do you need I want I want to find the bank the bank is not far where exactly is it uh go straight then turn left you will see it's next to the shop oh I see I see thank you goodbye
conversation_speaker2,conversation,/Users/seouldorito/Desktop/Project /Project-IC-Internship/QuickVoice/inter_app/python-server/asr/training/data/khmer_accent_train/conversation/Speaker2.WAV,good morning phanna good morning Ivin can I ask you some question yes of course how are you today I'm fine thank you and you I'm fine too phanna uh what are you learning now yes I'm learning English um why are you learning English I'm learning English to talk to people and get a good job do you study everyday yes I study a little everyday while learning in class I learn new word and practice speaking is learning English easy or difficult it is difficult but it is interesting keep learning you are doing well thank you I will try my best goodbye Fiona Goodbye Irene bye bye
conversation_speaker3,conversation,/Users/seouldorito/Desktop/Project /Project-IC-Internship/QuickVoice/inter_app/python-server/asr/training/data/khmer_accent_train/conversation/Speaker3.WAV,"hey Meng Hong what's a cool Kite, Thank I made it myself you are kidding no it's true I made it was it hard no it was easy I'll show you great what do we need we need pepper and spring let's get some oh I see thanks you that's okay you're welcome that's all for today goodbye goodbye"
